{"train_loss": 0.06134924075422323, "val_loss": 0.06078702558163507, "train_metric": 0.23868396679623569, "val_metric": 0.23797792531588036, "_timestamp": 1684155117.0635116, "_runtime": 2603.607457637787, "_step": 59, "_wandb": {"runtime": 2601}}