{"train_loss": 0.026567132878335096, "val_loss": 0.9664224339173417, "train_metric": 0.1528921956790438, "val_metric": 0.47461833642320017, "_timestamp": 1684215874.0586863, "_runtime": 27468.53568124771, "_step": 399, "_wandb": {"runtime": 27467}}